Code Domaine,Domaine,Code zone (M49),Zone,Code Élément,Élément,Code Produit (FBS),Produit,Code année,Année,Unité,Valeur,Symbole,Description du Symbole
"FBS","Bilans Alimentaires (2010-)","004","Afghanistan","664","Disponibilité alimentaire (Kcal/personne/jour)","S2941","Produits Animaux","2017","2017","Kcal/personne/jour","189","E","Valeur estimée"
"FBS","Bilans Alimentaires (2010-)","004","Afghanistan","674","Disponibilité de protéines en quantité (g/personne/jour)","S2941","Produits Animaux","2017","2017","g/personne/jour","11.77","E","Valeur estimée"
"FBS","Bilans Alimentaires (2010-)","710","Afrique du Sud","664","Disponibilité alimentaire (Kcal/personne/jour)","S2941","Produits Animaux","2017","2017","Kcal/personne/jour","440","E","Valeur estimée"
"FBS","Bilans Alimentaires (2010-)","710","Afrique du Sud","674","Disponibilité de protéines en quantité (g/personne/jour)","S2941","Produits Animaux","2017","2017","g/personne/jour","37.96","E","Valeur estimée"
"FBS","Bilans Alimentaires (2010-)","008","Albanie","664","Disponibilité alimentaire (Kcal/personne/jour)","S2941","Produits Animaux","2017","2017","Kcal/personne/jour","1052","E","Valeur estimée"
"FBS","Bilans Alimentaires (2010-)","008","Albanie","674","Disponibilité de protéines en quantité (g/personne/jour)","S2941","Produits Animaux","2017","2017","g/personne/jour","64.8","E","Valeur estimée"
"FBS","Bilans Alimentaires (2010-)","012","Algérie","664","Disponibilité alimentaire (Kcal/personne/jour)","S2941","Produits Animaux","2017","2017","Kcal/personne/jour","427","E","Valeur estimée"
"FBS","Bilans Alimentaires (2010-)","012","Algérie","674","Disponibilité de protéines en quantité (g/personne/jour)","S2941","Produits Animaux","2017","2017","g/personne/jour","28.95","E","Valeur estimée"
"FBS","Bilans Alimentaires (2010-)","276","Allemagne","664","Disponibilité alimentaire (Kcal/personne/jour)","S2941","Produits Animaux","2017","2017","Kcal/personne/jour","1099","E","Valeur estimée"
"FBS","Bilans Alimentaires (2010-)","276","Allemagne","674","Disponibilité de protéines en quantité (g/personne/jour)","S2941","Produits Animaux","2017","2017","g/personne/jour","69.25","E","Valeur estimée"
"FBS","Bilans Alimentaires (2010-)","024","Angola","664","Disponibilité alimentaire (Kcal/personne/jour)","S2941","Produits Animaux","2017","2017","Kcal/personne/jour","196","E","Valeur estimée"
"FBS","Bilans Alimentaires (2010-)","024","Angola","674","Disponibilité de protéines en quantité (g/personne/jour)","S2941","Produits Animaux","2017","2017","g/personne/jour","17.69","E","Valeur estimée"
"FBS","Bilans Alimentaires (2010-)","028","Antigua-et-Barbuda","664","Disponibilité alimentaire (Kcal/personne/jour)","S2941","Produits Animaux","2017","2017","Kcal/personne/jour","780","E","Valeur estimée"
"FBS","Bilans Alimentaires (2010-)","028","Antigua-et-Barbuda","674","Disponibilité de protéines en quantité (g/personne/jour)","S2941","Produits Animaux","2017","2017","g/personne/jour","64.72","E","Valeur estimée"
"FBS","Bilans Alimentaires (2010-)","682","Arabie saoudite","664","Disponibilité alimentaire (Kcal/personne/jour)","S2941","Produits Animaux","2017","2017","Kcal/personne/jour","448","E","Valeur estimée"
"FBS","Bilans Alimentaires (2010-)","682","Arabie saoudite","674","Disponibilité de protéines en quantité (g/personne/jour)","S2941","Produits Animaux","2017","2017","g/personne/jour","37.04","E","Valeur estimée"
"FBS","Bilans Alimentaires (2010-)","032","Argentine","664","Disponibilité alimentaire (Kcal/personne/jour)","S2941","Produits Animaux","2017","2017","Kcal/personne/jour","965","E","Valeur estimée"
"FBS","Bilans Alimentaires (2010-)","032","Argentine","674","Disponibilité de protéines en quantité (g/personne/jour)","S2941","Produits Animaux","2017","2017","g/personne/jour","71.03","E","Valeur estimée"
"FBS","Bilans Alimentaires (2010-)","051","Arménie","664","Disponibilité alimentaire (Kcal/personne/jour)","S2941","Produits Animaux","2017","2017","Kcal/personne/jour","956","E","Valeur estimée"
"FBS","Bilans Alimentaires (2010-)","051","Arménie","674","Disponibilité de protéines en quantité (g/personne/jour)","S2941","Produits Animaux","2017","2017","g/personne/jour","54.45","E","Valeur estimée"
"FBS","Bilans Alimentaires (2010-)","036","Australie","664","Disponibilité alimentaire (Kcal/personne/jour)","S2941","Produits Animaux","2017","2017","Kcal/personne/jour","1113","E","Valeur estimée"
"FBS","Bilans Alimentaires (2010-)","036","Australie","674","Disponibilité de protéines en quantité (g/personne/jour)","S2941","Produits Animaux","2017","2017","g/personne/jour","81.92","E","Valeur estimée"
"FBS","Bilans Alimentaires (2010-)","040","Autriche","664","Disponibilité alimentaire (Kcal/personne/jour)","S2941","Produits Animaux","2017","2017","Kcal/personne/jour","1173","E","Valeur estimée"
"FBS","Bilans Alimentaires (2010-)","040","Autriche","674","Disponibilité de protéines en quantité (g/personne/jour)","S2941","Produits Animaux","2017","2017","g/personne/jour","65.65","E","Valeur estimée"
"FBS","Bilans Alimentaires (2010-)","031","Azerbaïdjan","664","Disponibilité alimentaire (Kcal/personne/jour)","S2941","Produits Animaux","2017","2017","Kcal/personne/jour","572","E","Valeur estimée"
"FBS","Bilans Alimentaires (2010-)","031","Azerbaïdjan","674","Disponibilité de protéines en quantité (g/personne/jour)","S2941","Produits Animaux","2017","2017","g/personne/jour","34.58","E","Valeur estimée"
"FBS","Bilans Alimentaires (2010-)","044","Bahamas","664","Disponibilité alimentaire (Kcal/personne/jour)","S2941","Produits Animaux","2017","2017","Kcal/personne/jour","724","E","Valeur estimée"
"FBS","Bilans Alimentaires (2010-)","044","Bahamas","674","Disponibilité de protéines en quantité (g/personne/jour)","S2941","Produits Animaux","2017","2017","g/personne/jour","57.55","E","Valeur estimée"
"FBS","Bilans Alimentaires (2010-)","050","Bangladesh","664","Disponibilité alimentaire (Kcal/personne/jour)","S2941","Produits Animaux","2017","2017","Kcal/personne/jour","132","E","Valeur estimée"
"FBS","Bilans Alimentaires (2010-)","050","Bangladesh","674","Disponibilité de protéines en quantité (g/personne/jour)","S2941","Produits Animaux","2017","2017","g/personne/jour","12.87","E","Valeur estimée"
"FBS","Bilans Alimentaires (2010-)","052","Barbade","664","Disponibilité alimentaire (Kcal/personne/jour)","S2941","Produits Animaux","2017","2017","Kcal/personne/jour","685","E","Valeur estimée"
"FBS","Bilans Alimentaires (2010-)","052","Barbade","674","Disponibilité de protéines en quantité (g/personne/jour)","S2941","Produits Animaux","2017","2017","g/personne/jour","58.23","E","Valeur estimée"
"FBS","Bilans Alimentaires (2010-)","112","Bélarus","664","Disponibilité alimentaire (Kcal/personne/jour)","S2941","Produits Animaux","2017","2017","Kcal/personne/jour","834","E","Valeur estimée"
"FBS","Bilans Alimentaires (2010-)","112","Bélarus","674","Disponibilité de protéines en quantité (g/personne/jour)","S2941","Produits Animaux","2017","2017","g/personne/jour","56.18","E","Valeur estimée"
"FBS","Bilans Alimentaires (2010-)","056","Belgique","664","Disponibilité alimentaire (Kcal/personne/jour)","S2941","Produits Animaux","2017","2017","Kcal/personne/jour","1249","E","Valeur estimée"
"FBS","Bilans Alimentaires (2010-)","056","Belgique","674","Disponibilité de protéines en quantité (g/personne/jour)","S2941","Produits Animaux","2017","2017","g/personne/jour","59.75","E","Valeur estimée"
"FBS","Bilans Alimentaires (2010-)","084","Belize","664","Disponibilité alimentaire (Kcal/personne/jour)","S2941","Produits Animaux","2017","2017","Kcal/personne/jour","483","E","Valeur estimée"
"FBS","Bilans Alimentaires (2010-)","084","Belize","674","Disponibilité de protéines en quantité (g/personne/jour)","S2941","Produits Animaux","2017","2017","g/personne/jour","29.61","E","Valeur estimée"
"FBS","Bilans Alimentaires (2010-)","204","Bénin","664","Disponibilité alimentaire (Kcal/personne/jour)","S2941","Produits Animaux","2017","2017","Kcal/personne/jour","138","E","Valeur estimée"
"FBS","Bilans Alimentaires (2010-)","204","Bénin","674","Disponibilité de protéines en quantité (g/personne/jour)","S2941","Produits Animaux","2017","2017","g/personne/jour","14.07","E","Valeur estimée"
"FBS","Bilans Alimentaires (2010-)","068","Bolivie (État plurinational de)","664","Disponibilité alimentaire (Kcal/personne/jour)","S2941","Produits Animaux","2017","2017","Kcal/personne/jour","518","E","Valeur estimée"
"FBS","Bilans Alimentaires (2010-)","068","Bolivie (État plurinational de)","674","Disponibilité de protéines en quantité (g/personne/jour)","S2941","Produits Animaux","2017","2017","g/personne/jour","43.1","E","Valeur estimée"
"FBS","Bilans Alimentaires (2010-)","070","Bosnie-Herzégovine","664","Disponibilité alimentaire (Kcal/personne/jour)","S2941","Produits Animaux","2017","2017","Kcal/personne/jour","613","E","Valeur estimée"
"FBS","Bilans Alimentaires (2010-)","070","Bosnie-Herzégovine","674","Disponibilité de protéines en quantité (g/personne/jour)","S2941","Produits Animaux","2017","2017","g/personne/jour","38.7","E","Valeur estimée"
"FBS","Bilans Alimentaires (2010-)","072","Botswana","664","Disponibilité alimentaire (Kcal/personne/jour)","S2941","Produits Animaux","2017","2017","Kcal/personne/jour","353","E","Valeur estimée"
"FBS","Bilans Alimentaires (2010-)","072","Botswana","674","Disponibilité de protéines en quantité (g/personne/jour)","S2941","Produits Animaux","2017","2017","g/personne/jour","24","E","Valeur estimée"
"FBS","Bilans Alimentaires (2010-)","076","Brésil","664","Disponibilité alimentaire (Kcal/personne/jour)","S2941","Produits Animaux","2017","2017","Kcal/personne/jour","835","E","Valeur estimée"
"FBS","Bilans Alimentaires (2010-)","076","Brésil","674","Disponibilité de protéines en quantité (g/personne/jour)","S2941","Produits Animaux","2017","2017","g/personne/jour","62.11","E","Valeur estimée"
"FBS","Bilans Alimentaires (2010-)","100","Bulgarie","664","Disponibilité alimentaire (Kcal/personne/jour)","S2941","Produits Animaux","2017","2017","Kcal/personne/jour","700","E","Valeur estimée"
"FBS","Bilans Alimentaires (2010-)","100","Bulgarie","674","Disponibilité de protéines en quantité (g/personne/jour)","S2941","Produits Animaux","2017","2017","g/personne/jour","46.83","E","Valeur estimée"
"FBS","Bilans Alimentaires (2010-)","854","Burkina Faso","664","Disponibilité alimentaire (Kcal/personne/jour)","S2941","Produits Animaux","2017","2017","Kcal/personne/jour","146","E","Valeur estimée"
"FBS","Bilans Alimentaires (2010-)","854","Burkina Faso","674","Disponibilité de protéines en quantité (g/personne/jour)","S2941","Produits Animaux","2017","2017","g/personne/jour","11.15","E","Valeur estimée"
"FBS","Bilans Alimentaires (2010-)","108","Burundi","664","Disponibilité alimentaire (Kcal/personne/jour)","S2941","Produits Animaux","2017","2017","Kcal/personne/jour","38","E","Valeur estimée"
"FBS","Bilans Alimentaires (2010-)","108","Burundi","674","Disponibilité de protéines en quantité (g/personne/jour)","S2941","Produits Animaux","2017","2017","g/personne/jour","2.84","E","Valeur estimée"
"FBS","Bilans Alimentaires (2010-)","132","Cabo Verde","664","Disponibilité alimentaire (Kcal/personne/jour)","S2941","Produits Animaux","2017","2017","Kcal/personne/jour","439","E","Valeur estimée"
"FBS","Bilans Alimentaires (2010-)","132","Cabo Verde","674","Disponibilité de protéines en quantité (g/personne/jour)","S2941","Produits Animaux","2017","2017","g/personne/jour","31.94","E","Valeur estimée"
"FBS","Bilans Alimentaires (2010-)","116","Cambodge","664","Disponibilité alimentaire (Kcal/personne/jour)","S2941","Produits Animaux","2017","2017","Kcal/personne/jour","207","E","Valeur estimée"
"FBS","Bilans Alimentaires (2010-)","116","Cambodge","674","Disponibilité de protéines en quantité (g/personne/jour)","S2941","Produits Animaux","2017","2017","g/personne/jour","21.06","E","Valeur estimée"
"FBS","Bilans Alimentaires (2010-)","120","Cameroun","664","Disponibilité alimentaire (Kcal/personne/jour)","S2941","Produits Animaux","2017","2017","Kcal/personne/jour","131","E","Valeur estimée"
"FBS","Bilans Alimentaires (2010-)","120","Cameroun","674","Disponibilité de protéines en quantité (g/personne/jour)","S2941","Produits Animaux","2017","2017","g/personne/jour","12.97","E","Valeur estimée"
"FBS","Bilans Alimentaires (2010-)","124","Canada","664","Disponibilité alimentaire (Kcal/personne/jour)","S2941","Produits Animaux","2017","2017","Kcal/personne/jour","865","E","Valeur estimée"
"FBS","Bilans Alimentaires (2010-)","124","Canada","674","Disponibilité de protéines en quantité (g/personne/jour)","S2941","Produits Animaux","2017","2017","g/personne/jour","63.72","E","Valeur estimée"
"FBS","Bilans Alimentaires (2010-)","152","Chili","664","Disponibilité alimentaire (Kcal/personne/jour)","S2941","Produits Animaux","2017","2017","Kcal/personne/jour","725","E","Valeur estimée"
"FBS","Bilans Alimentaires (2010-)","152","Chili","674","Disponibilité de protéines en quantité (g/personne/jour)","S2941","Produits Animaux","2017","2017","g/personne/jour","56.51","E","Valeur estimée"
"FBS","Bilans Alimentaires (2010-)","344","Chine - RAS de Hong-Kong","664","Disponibilité alimentaire (Kcal/personne/jour)","S2941","Produits Animaux","2017","2017","Kcal/personne/jour","1208","E","Valeur estimée"
"FBS","Bilans Alimentaires (2010-)","344","Chine - RAS de Hong-Kong","674","Disponibilité de protéines en quantité (g/personne/jour)","S2941","Produits Animaux","2017","2017","g/personne/jour","105.5","E","Valeur estimée"
"FBS","Bilans Alimentaires (2010-)","446","Chine - RAS de Macao","664","Disponibilité alimentaire (Kcal/personne/jour)","S2941","Produits Animaux","2017","2017","Kcal/personne/jour","967","E","Valeur estimée"
"FBS","Bilans Alimentaires (2010-)","446","Chine - RAS de Macao","674","Disponibilité de protéines en quantité (g/personne/jour)","S2941","Produits Animaux","2017","2017","g/personne/jour","81.59","E","Valeur estimée"
"FBS","Bilans Alimentaires (2010-)","156","Chine, continentale","664","Disponibilité alimentaire (Kcal/personne/jour)","S2941","Produits Animaux","2017","2017","Kcal/personne/jour","612","E","Valeur estimée"
"FBS","Bilans Alimentaires (2010-)","156","Chine, continentale","674","Disponibilité de protéines en quantité (g/personne/jour)","S2941","Produits Animaux","2017","2017","g/personne/jour","46.31","E","Valeur estimée"
"FBS","Bilans Alimentaires (2010-)","158","Chine, Taiwan Province de","664","Disponibilité alimentaire (Kcal/personne/jour)","S2941","Produits Animaux","2017","2017","Kcal/personne/jour","619","E","Valeur estimée"
"FBS","Bilans Alimentaires (2010-)","158","Chine, Taiwan Province de","674","Disponibilité de protéines en quantité (g/personne/jour)","S2941","Produits Animaux","2017","2017","g/personne/jour","50.71","E","Valeur estimée"
"FBS","Bilans Alimentaires (2010-)","196","Chypre","664","Disponibilité alimentaire (Kcal/personne/jour)","S2941","Produits Animaux","2017","2017","Kcal/personne/jour","666","E","Valeur estimée"
"FBS","Bilans Alimentaires (2010-)","196","Chypre","674","Disponibilité de protéines en quantité (g/personne/jour)","S2941","Produits Animaux","2017","2017","g/personne/jour","51.86","E","Valeur estimée"
"FBS","Bilans Alimentaires (2010-)","170","Colombie","664","Disponibilité alimentaire (Kcal/personne/jour)","S2941","Produits Animaux","2017","2017","Kcal/personne/jour","580","E","Valeur estimée"
"FBS","Bilans Alimentaires (2010-)","170","Colombie","674","Disponibilité de protéines en quantité (g/personne/jour)","S2941","Produits Animaux","2017","2017","g/personne/jour","43.27","E","Valeur estimée"
"FBS","Bilans Alimentaires (2010-)","174","Comores","664","Disponibilité alimentaire (Kcal/personne/jour)","S2941","Produits Animaux","2017","2017","Kcal/personne/jour","177","E","Valeur estimée"
"FBS","Bilans Alimentaires (2010-)","174","Comores","674","Disponibilité de protéines en quantité (g/personne/jour)","S2941","Produits Animaux","2017","2017","g/personne/jour","18.88","E","Valeur estimée"
"FBS","Bilans Alimentaires (2010-)","178","Congo","664","Disponibilité alimentaire (Kcal/personne/jour)","S2941","Produits Animaux","2017","2017","Kcal/personne/jour","237","E","Valeur estimée"
"FBS","Bilans Alimentaires (2010-)","178","Congo","674","Disponibilité de protéines en quantité (g/personne/jour)","S2941","Produits Animaux","2017","2017","g/personne/jour","26.95","E","Valeur estimée"
"FBS","Bilans Alimentaires (2010-)","188","Costa Rica","664","Disponibilité alimentaire (Kcal/personne/jour)","S2941","Produits Animaux","2017","2017","Kcal/personne/jour","713","E","Valeur estimée"
"FBS","Bilans Alimentaires (2010-)","188","Costa Rica","674","Disponibilité de protéines en quantité (g/personne/jour)","S2941","Produits Animaux","2017","2017","g/personne/jour","47","E","Valeur estimée"
"FBS","Bilans Alimentaires (2010-)","384","Côte d'Ivoire","664","Disponibilité alimentaire (Kcal/personne/jour)","S2941","Produits Animaux","2017","2017","Kcal/personne/jour","122","E","Valeur estimée"
"FBS","Bilans Alimentaires (2010-)","384","Côte d'Ivoire","674","Disponibilité de protéines en quantité (g/personne/jour)","S2941","Produits Animaux","2017","2017","g/personne/jour","14.34","E","Valeur estimée"
"FBS","Bilans Alimentaires (2010-)","191","Croatie","664","Disponibilité alimentaire (Kcal/personne/jour)","S2941","Produits Animaux","2017","2017","Kcal/personne/jour","908","E","Valeur estimée"
"FBS","Bilans Alimentaires (2010-)","191","Croatie","674","Disponibilité de protéines en quantité (g/personne/jour)","S2941","Produits Animaux","2017","2017","g/personne/jour","60.14","E","Valeur estimée"
"FBS","Bilans Alimentaires (2010-)","192","Cuba","664","Disponibilité alimentaire (Kcal/personne/jour)","S2941","Produits Animaux","2017","2017","Kcal/personne/jour","541","E","Valeur estimée"
"FBS","Bilans Alimentaires (2010-)","192","Cuba","674","Disponibilité de protéines en quantité (g/personne/jour)","S2941","Produits Animaux","2017","2017","g/personne/jour","40.55","E","Valeur estimée"
"FBS","Bilans Alimentaires (2010-)","208","Danemark","664","Disponibilité alimentaire (Kcal/personne/jour)","S2941","Produits Animaux","2017","2017","Kcal/personne/jour","1246","E","Valeur estimée"
"FBS","Bilans Alimentaires (2010-)","208","Danemark","674","Disponibilité de protéines en quantité (g/personne/jour)","S2941","Produits Animaux","2017","2017","g/personne/jour","76.56","E","Valeur estimée"
"FBS","Bilans Alimentaires (2010-)","262","Djibouti","664","Disponibilité alimentaire (Kcal/personne/jour)","S2941","Produits Animaux","2017","2017","Kcal/personne/jour","225","E","Valeur estimée"
"FBS","Bilans Alimentaires (2010-)","262","Djibouti","674","Disponibilité de protéines en quantité (g/personne/jour)","S2941","Produits Animaux","2017","2017","g/personne/jour","15.28","E","Valeur estimée"
"FBS","Bilans Alimentaires (2010-)","212","Dominique","664","Disponibilité alimentaire (Kcal/personne/jour)","S2941","Produits Animaux","2017","2017","Kcal/personne/jour","709","E","Valeur estimée"
"FBS","Bilans Alimentaires (2010-)","212","Dominique","674","Disponibilité de protéines en quantité (g/personne/jour)","S2941","Produits Animaux","2017","2017","g/personne/jour","54.17","E","Valeur estimée"
"FBS","Bilans Alimentaires (2010-)","818","Égypte","664","Disponibilité alimentaire (Kcal/personne/jour)","S2941","Produits Animaux","2017","2017","Kcal/personne/jour","306","E","Valeur estimée"
"FBS","Bilans Alimentaires (2010-)","818","Égypte","674","Disponibilité de protéines en quantité (g/personne/jour)","S2941","Produits Animaux","2017","2017","g/personne/jour","27.35","E","Valeur estimée"
"FBS","Bilans Alimentaires (2010-)","222","El Salvador","664","Disponibilité alimentaire (Kcal/personne/jour)","S2941","Produits Animaux","2017","2017","Kcal/personne/jour","481","E","Valeur estimée"
"FBS","Bilans Alimentaires (2010-)","222","El Salvador","674","Disponibilité de protéines en quantité (g/personne/jour)","S2941","Produits Animaux","2017","2017","g/personne/jour","31.79","E","Valeur estimée"
"FBS","Bilans Alimentaires (2010-)","784","Émirats arabes unis","664","Disponibilité alimentaire (Kcal/personne/jour)","S2941","Produits Animaux","2017","2017","Kcal/personne/jour","497","E","Valeur estimée"
"FBS","Bilans Alimentaires (2010-)","784","Émirats arabes unis","674","Disponibilité de protéines en quantité (g/personne/jour)","S2941","Produits Animaux","2017","2017","g/personne/jour","39.52","E","Valeur estimée"
"FBS","Bilans Alimentaires (2010-)","218","Équateur","664","Disponibilité alimentaire (Kcal/personne/jour)","S2941","Produits Animaux","2017","2017","Kcal/personne/jour","539","E","Valeur estimée"
"FBS","Bilans Alimentaires (2010-)","218","Équateur","674","Disponibilité de protéines en quantité (g/personne/jour)","S2941","Produits Animaux","2017","2017","g/personne/jour","35.41","E","Valeur estimée"
"FBS","Bilans Alimentaires (2010-)","724","Espagne","664","Disponibilité alimentaire (Kcal/personne/jour)","S2941","Produits Animaux","2017","2017","Kcal/personne/jour","868","E","Valeur estimée"
"FBS","Bilans Alimentaires (2010-)","724","Espagne","674","Disponibilité de protéines en quantité (g/personne/jour)","S2941","Produits Animaux","2017","2017","g/personne/jour","72.07","E","Valeur estimée"
"FBS","Bilans Alimentaires (2010-)","233","Estonie","664","Disponibilité alimentaire (Kcal/personne/jour)","S2941","Produits Animaux","2017","2017","Kcal/personne/jour","1040","E","Valeur estimée"
"FBS","Bilans Alimentaires (2010-)","233","Estonie","674","Disponibilité de protéines en quantité (g/personne/jour)","S2941","Produits Animaux","2017","2017","g/personne/jour","66.32","E","Valeur estimée"
"FBS","Bilans Alimentaires (2010-)","748","Eswatini","664","Disponibilité alimentaire (Kcal/personne/jour)","S2941","Produits Animaux","2017","2017","Kcal/personne/jour","287","E","Valeur estimée"
"FBS","Bilans Alimentaires (2010-)","748","Eswatini","674","Disponibilité de protéines en quantité (g/personne/jour)","S2941","Produits Animaux","2017","2017","g/personne/jour","20.17","E","Valeur estimée"
"FBS","Bilans Alimentaires (2010-)","840","États-Unis d'Amérique","664","Disponibilité alimentaire (Kcal/personne/jour)","S2941","Produits Animaux","2017","2017","Kcal/personne/jour","1039","E","Valeur estimée"
"FBS","Bilans Alimentaires (2010-)","840","États-Unis d'Amérique","674","Disponibilité de protéines en quantité (g/personne/jour)","S2941","Produits Animaux","2017","2017","g/personne/jour","81.79","E","Valeur estimée"
"FBS","Bilans Alimentaires (2010-)","231","Éthiopie","664","Disponibilité alimentaire (Kcal/personne/jour)","S2941","Produits Animaux","2017","2017","Kcal/personne/jour","102","E","Valeur estimée"
"FBS","Bilans Alimentaires (2010-)","231","Éthiopie","674","Disponibilité de protéines en quantité (g/personne/jour)","S2941","Produits Animaux","2017","2017","g/personne/jour","6.44","E","Valeur estimée"
"FBS","Bilans Alimentaires (2010-)","643","Fédération de Russie","664","Disponibilité alimentaire (Kcal/personne/jour)","S2941","Produits Animaux","2017","2017","Kcal/personne/jour","871","E","Valeur estimée"
"FBS","Bilans Alimentaires (2010-)","643","Fédération de Russie","674","Disponibilité de protéines en quantité (g/personne/jour)","S2941","Produits Animaux","2017","2017","g/personne/jour","60.9","E","Valeur estimée"
"FBS","Bilans Alimentaires (2010-)","242","Fidji","664","Disponibilité alimentaire (Kcal/personne/jour)","S2941","Produits Animaux","2017","2017","Kcal/personne/jour","465","E","Valeur estimée"
"FBS","Bilans Alimentaires (2010-)","242","Fidji","674","Disponibilité de protéines en quantité (g/personne/jour)","S2941","Produits Animaux","2017","2017","g/personne/jour","38.11","E","Valeur estimée"
"FBS","Bilans Alimentaires (2010-)","246","Finlande","664","Disponibilité alimentaire (Kcal/personne/jour)","S2941","Produits Animaux","2017","2017","Kcal/personne/jour","1237","E","Valeur estimée"
"FBS","Bilans Alimentaires (2010-)","246","Finlande","674","Disponibilité de protéines en quantité (g/personne/jour)","S2941","Produits Animaux","2017","2017","g/personne/jour","78.41","E","Valeur estimée"
"FBS","Bilans Alimentaires (2010-)","250","France","664","Disponibilité alimentaire (Kcal/personne/jour)","S2941","Produits Animaux","2017","2017","Kcal/personne/jour","1161","E","Valeur estimée"
"FBS","Bilans Alimentaires (2010-)","250","France","674","Disponibilité de protéines en quantité (g/personne/jour)","S2941","Produits Animaux","2017","2017","g/personne/jour","76.81","E","Valeur estimée"
"FBS","Bilans Alimentaires (2010-)","266","Gabon","664","Disponibilité alimentaire (Kcal/personne/jour)","S2941","Produits Animaux","2017","2017","Kcal/personne/jour","432","E","Valeur estimée"
"FBS","Bilans Alimentaires (2010-)","266","Gabon","674","Disponibilité de protéines en quantité (g/personne/jour)","S2941","Produits Animaux","2017","2017","g/personne/jour","46.56","E","Valeur estimée"
"FBS","Bilans Alimentaires (2010-)","270","Gambie","664","Disponibilité alimentaire (Kcal/personne/jour)","S2941","Produits Animaux","2017","2017","Kcal/personne/jour","227","E","Valeur estimée"
"FBS","Bilans Alimentaires (2010-)","270","Gambie","674","Disponibilité de protéines en quantité (g/personne/jour)","S2941","Produits Animaux","2017","2017","g/personne/jour","19.58","E","Valeur estimée"
"FBS","Bilans Alimentaires (2010-)","268","Géorgie","664","Disponibilité alimentaire (Kcal/personne/jour)","S2941","Produits Animaux","2017","2017","Kcal/personne/jour","609","E","Valeur estimée"
"FBS","Bilans Alimentaires (2010-)","268","Géorgie","674","Disponibilité de protéines en quantité (g/personne/jour)","S2941","Produits Animaux","2017","2017","g/personne/jour","36.18","E","Valeur estimée"
"FBS","Bilans Alimentaires (2010-)","288","Ghana","664","Disponibilité alimentaire (Kcal/personne/jour)","S2941","Produits Animaux","2017","2017","Kcal/personne/jour","137","E","Valeur estimée"
"FBS","Bilans Alimentaires (2010-)","288","Ghana","674","Disponibilité de protéines en quantité (g/personne/jour)","S2941","Produits Animaux","2017","2017","g/personne/jour","15.82","E","Valeur estimée"
"FBS","Bilans Alimentaires (2010-)","300","Grèce","664","Disponibilité alimentaire (Kcal/personne/jour)","S2941","Produits Animaux","2017","2017","Kcal/personne/jour","798","E","Valeur estimée"
"FBS","Bilans Alimentaires (2010-)","300","Grèce","674","Disponibilité de protéines en quantité (g/personne/jour)","S2941","Produits Animaux","2017","2017","g/personne/jour","59.89","E","Valeur estimée"
"FBS","Bilans Alimentaires (2010-)","308","Grenade","664","Disponibilité alimentaire (Kcal/personne/jour)","S2941","Produits Animaux","2017","2017","Kcal/personne/jour","600","E","Valeur estimée"
"FBS","Bilans Alimentaires (2010-)","308","Grenade","674","Disponibilité de protéines en quantité (g/personne/jour)","S2941","Produits Animaux","2017","2017","g/personne/jour","50.35","E","Valeur estimée"
"FBS","Bilans Alimentaires (2010-)","320","Guatemala","664","Disponibilité alimentaire (Kcal/personne/jour)","S2941","Produits Animaux","2017","2017","Kcal/personne/jour","319","E","Valeur estimée"
"FBS","Bilans Alimentaires (2010-)","320","Guatemala","674","Disponibilité de protéines en quantité (g/personne/jour)","S2941","Produits Animaux","2017","2017","g/personne/jour","26.33","E","Valeur estimée"
"FBS","Bilans Alimentaires (2010-)","324","Guinée","664","Disponibilité alimentaire (Kcal/personne/jour)","S2941","Produits Animaux","2017","2017","Kcal/personne/jour","146","E","Valeur estimée"
"FBS","Bilans Alimentaires (2010-)","324","Guinée","674","Disponibilité de protéines en quantité (g/personne/jour)","S2941","Produits Animaux","2017","2017","g/personne/jour","12.41","E","Valeur estimée"
"FBS","Bilans Alimentaires (2010-)","624","Guinée-Bissau","664","Disponibilité alimentaire (Kcal/personne/jour)","S2941","Produits Animaux","2017","2017","Kcal/personne/jour","155","E","Valeur estimée"
"FBS","Bilans Alimentaires (2010-)","624","Guinée-Bissau","674","Disponibilité de protéines en quantité (g/personne/jour)","S2941","Produits Animaux","2017","2017","g/personne/jour","10.69","E","Valeur estimée"
"FBS","Bilans Alimentaires (2010-)","328","Guyana","664","Disponibilité alimentaire (Kcal/personne/jour)","S2941","Produits Animaux","2017","2017","Kcal/personne/jour","504","E","Valeur estimée"
"FBS","Bilans Alimentaires (2010-)","328","Guyana","674","Disponibilité de protéines en quantité (g/personne/jour)","S2941","Produits Animaux","2017","2017","g/personne/jour","44.36","E","Valeur estimée"
"FBS","Bilans Alimentaires (2010-)","332","Haïti","664","Disponibilité alimentaire (Kcal/personne/jour)","S2941","Produits Animaux","2017","2017","Kcal/personne/jour","157","E","Valeur estimée"
"FBS","Bilans Alimentaires (2010-)","332","Haïti","674","Disponibilité de protéines en quantité (g/personne/jour)","S2941","Produits Animaux","2017","2017","g/personne/jour","12.33","E","Valeur estimée"
"FBS","Bilans Alimentaires (2010-)","340","Honduras","664","Disponibilité alimentaire (Kcal/personne/jour)","S2941","Produits Animaux","2017","2017","Kcal/personne/jour","302","E","Valeur estimée"
"FBS","Bilans Alimentaires (2010-)","340","Honduras","674","Disponibilité de protéines en quantité (g/personne/jour)","S2941","Produits Animaux","2017","2017","g/personne/jour","22.91","E","Valeur estimée"
"FBS","Bilans Alimentaires (2010-)","348","Hongrie","664","Disponibilité alimentaire (Kcal/personne/jour)","S2941","Produits Animaux","2017","2017","Kcal/personne/jour","1015","E","Valeur estimée"
"FBS","Bilans Alimentaires (2010-)","348","Hongrie","674","Disponibilité de protéines en quantité (g/personne/jour)","S2941","Produits Animaux","2017","2017","g/personne/jour","53.91","E","Valeur estimée"
"FBS","Bilans Alimentaires (2010-)","090","Îles Salomon","664","Disponibilité alimentaire (Kcal/personne/jour)","S2941","Produits Animaux","2017","2017","Kcal/personne/jour","189","E","Valeur estimée"
"FBS","Bilans Alimentaires (2010-)","090","Îles Salomon","674","Disponibilité de protéines en quantité (g/personne/jour)","S2941","Produits Animaux","2017","2017","g/personne/jour","17.81","E","Valeur estimée"
"FBS","Bilans Alimentaires (2010-)","356","Inde","664","Disponibilité alimentaire (Kcal/personne/jour)","S2941","Produits Animaux","2017","2017","Kcal/personne/jour","288","E","Valeur estimée"
"FBS","Bilans Alimentaires (2010-)","356","Inde","674","Disponibilité de protéines en quantité (g/personne/jour)","S2941","Produits Animaux","2017","2017","g/personne/jour","14.51","E","Valeur estimée"
"FBS","Bilans Alimentaires (2010-)","360","Indonésie","664","Disponibilité alimentaire (Kcal/personne/jour)","S2941","Produits Animaux","2017","2017","Kcal/personne/jour","230","E","Valeur estimée"
"FBS","Bilans Alimentaires (2010-)","360","Indonésie","674","Disponibilité de protéines en quantité (g/personne/jour)","S2941","Produits Animaux","2017","2017","g/personne/jour","25.62","E","Valeur estimée"
"FBS","Bilans Alimentaires (2010-)","364","Iran (République islamique d')","664","Disponibilité alimentaire (Kcal/personne/jour)","S2941","Produits Animaux","2017","2017","Kcal/personne/jour","339","E","Valeur estimée"
"FBS","Bilans Alimentaires (2010-)","364","Iran (République islamique d')","674","Disponibilité de protéines en quantité (g/personne/jour)","S2941","Produits Animaux","2017","2017","g/personne/jour","27.63","E","Valeur estimée"
"FBS","Bilans Alimentaires (2010-)","368","Iraq","664","Disponibilité alimentaire (Kcal/personne/jour)","S2941","Produits Animaux","2017","2017","Kcal/personne/jour","271","E","Valeur estimée"
"FBS","Bilans Alimentaires (2010-)","368","Iraq","674","Disponibilité de protéines en quantité (g/personne/jour)","S2941","Produits Animaux","2017","2017","g/personne/jour","20.03","E","Valeur estimée"
"FBS","Bilans Alimentaires (2010-)","372","Irlande","664","Disponibilité alimentaire (Kcal/personne/jour)","S2941","Produits Animaux","2017","2017","Kcal/personne/jour","1187","E","Valeur estimée"
"FBS","Bilans Alimentaires (2010-)","372","Irlande","674","Disponibilité de protéines en quantité (g/personne/jour)","S2941","Produits Animaux","2017","2017","g/personne/jour","76.44","E","Valeur estimée"
"FBS","Bilans Alimentaires (2010-)","352","Islande","664","Disponibilité alimentaire (Kcal/personne/jour)","S2941","Produits Animaux","2017","2017","Kcal/personne/jour","1478","E","Valeur estimée"
"FBS","Bilans Alimentaires (2010-)","352","Islande","674","Disponibilité de protéines en quantité (g/personne/jour)","S2941","Produits Animaux","2017","2017","g/personne/jour","109.47","E","Valeur estimée"
"FBS","Bilans Alimentaires (2010-)","376","Israël","664","Disponibilité alimentaire (Kcal/personne/jour)","S2941","Produits Animaux","2017","2017","Kcal/personne/jour","881","E","Valeur estimée"
"FBS","Bilans Alimentaires (2010-)","376","Israël","674","Disponibilité de protéines en quantité (g/personne/jour)","S2941","Produits Animaux","2017","2017","g/personne/jour","76.32","E","Valeur estimée"
"FBS","Bilans Alimentaires (2010-)","380","Italie","664","Disponibilité alimentaire (Kcal/personne/jour)","S2941","Produits Animaux","2017","2017","Kcal/personne/jour","886","E","Valeur estimée"
"FBS","Bilans Alimentaires (2010-)","380","Italie","674","Disponibilité de protéines en quantité (g/personne/jour)","S2941","Produits Animaux","2017","2017","g/personne/jour","63.81","E","Valeur estimée"
"FBS","Bilans Alimentaires (2010-)","388","Jamaïque","664","Disponibilité alimentaire (Kcal/personne/jour)","S2941","Produits Animaux","2017","2017","Kcal/personne/jour","566","E","Valeur estimée"
"FBS","Bilans Alimentaires (2010-)","388","Jamaïque","674","Disponibilité de protéines en quantité (g/personne/jour)","S2941","Produits Animaux","2017","2017","g/personne/jour","45.34","E","Valeur estimée"
"FBS","Bilans Alimentaires (2010-)","392","Japon","664","Disponibilité alimentaire (Kcal/personne/jour)","S2941","Produits Animaux","2017","2017","Kcal/personne/jour","538","E","Valeur estimée"
"FBS","Bilans Alimentaires (2010-)","392","Japon","674","Disponibilité de protéines en quantité (g/personne/jour)","S2941","Produits Animaux","2017","2017","g/personne/jour","49.14","E","Valeur estimée"
"FBS","Bilans Alimentaires (2010-)","400","Jordanie","664","Disponibilité alimentaire (Kcal/personne/jour)","S2941","Produits Animaux","2017","2017","Kcal/personne/jour","321","E","Valeur estimée"
"FBS","Bilans Alimentaires (2010-)","400","Jordanie","674","Disponibilité de protéines en quantité (g/personne/jour)","S2941","Produits Animaux","2017","2017","g/personne/jour","25.91","E","Valeur estimée"
"FBS","Bilans Alimentaires (2010-)","398","Kazakhstan","664","Disponibilité alimentaire (Kcal/personne/jour)","S2941","Produits Animaux","2017","2017","Kcal/personne/jour","937","E","Valeur estimée"
"FBS","Bilans Alimentaires (2010-)","398","Kazakhstan","674","Disponibilité de protéines en quantité (g/personne/jour)","S2941","Produits Animaux","2017","2017","g/personne/jour","58.74","E","Valeur estimée"
"FBS","Bilans Alimentaires (2010-)","404","Kenya","664","Disponibilité alimentaire (Kcal/personne/jour)","S2941","Produits Animaux","2017","2017","Kcal/personne/jour","268","E","Valeur estimée"
"FBS","Bilans Alimentaires (2010-)","404","Kenya","674","Disponibilité de protéines en quantité (g/personne/jour)","S2941","Produits Animaux","2017","2017","g/personne/jour","16.75","E","Valeur estimée"
"FBS","Bilans Alimentaires (2010-)","417","Kirghizistan","664","Disponibilité alimentaire (Kcal/personne/jour)","S2941","Produits Animaux","2017","2017","Kcal/personne/jour","628","E","Valeur estimée"
"FBS","Bilans Alimentaires (2010-)","417","Kirghizistan","674","Disponibilité de protéines en quantité (g/personne/jour)","S2941","Produits Animaux","2017","2017","g/personne/jour","35.39","E","Valeur estimée"
"FBS","Bilans Alimentaires (2010-)","296","Kiribati","664","Disponibilité alimentaire (Kcal/personne/jour)","S2941","Produits Animaux","2017","2017","Kcal/personne/jour","381","E","Valeur estimée"
"FBS","Bilans Alimentaires (2010-)","296","Kiribati","674","Disponibilité de protéines en quantité (g/personne/jour)","S2941","Produits Animaux","2017","2017","g/personne/jour","42.23","E","Valeur estimée"
"FBS","Bilans Alimentaires (2010-)","414","Koweït","664","Disponibilité alimentaire (Kcal/personne/jour)","S2941","Produits Animaux","2017","2017","Kcal/personne/jour","643","E","Valeur estimée"
"FBS","Bilans Alimentaires (2010-)","414","Koweït","674","Disponibilité de protéines en quantité (g/personne/jour)","S2941","Produits Animaux","2017","2017","g/personne/jour","54.62","E","Valeur estimée"
"FBS","Bilans Alimentaires (2010-)","426","Lesotho","664","Disponibilité alimentaire (Kcal/personne/jour)","S2941","Produits Animaux","2017","2017","Kcal/personne/jour","295","E","Valeur estimée"
"FBS","Bilans Alimentaires (2010-)","426","Lesotho","674","Disponibilité de protéines en quantité (g/personne/jour)","S2941","Produits Animaux","2017","2017","g/personne/jour","18.68","E","Valeur estimée"
"FBS","Bilans Alimentaires (2010-)","428","Lettonie","664","Disponibilité alimentaire (Kcal/personne/jour)","S2941","Produits Animaux","2017","2017","Kcal/personne/jour","1005","E","Valeur estimée"
"FBS","Bilans Alimentaires (2010-)","428","Lettonie","674","Disponibilité de protéines en quantité (g/personne/jour)","S2941","Produits Animaux","2017","2017","g/personne/jour","63.08","E","Valeur estimée"
"FBS","Bilans Alimentaires (2010-)","422","Liban","664","Disponibilité alimentaire (Kcal/personne/jour)","S2941","Produits Animaux","2017","2017","Kcal/personne/jour","415","E","Valeur estimée"
"FBS","Bilans Alimentaires (2010-)","422","Liban","674","Disponibilité de protéines en quantité (g/personne/jour)","S2941","Produits Animaux","2017","2017","g/personne/jour","31.99","E","Valeur estimée"
"FBS","Bilans Alimentaires (2010-)","430","Libéria","664","Disponibilité alimentaire (Kcal/personne/jour)","S2941","Produits Animaux","2017","2017","Kcal/personne/jour","133","E","Valeur estimée"
"FBS","Bilans Alimentaires (2010-)","430","Libéria","674","Disponibilité de protéines en quantité (g/personne/jour)","S2941","Produits Animaux","2017","2017","g/personne/jour","12.98","E","Valeur estimée"
"FBS","Bilans Alimentaires (2010-)","434","Libye","664","Disponibilité alimentaire (Kcal/personne/jour)","S2941","Produits Animaux","2017","2017","Kcal/personne/jour","496","E","Valeur estimée"
"FBS","Bilans Alimentaires (2010-)","434","Libye","674","Disponibilité de protéines en quantité (g/personne/jour)","S2941","Produits Animaux","2017","2017","g/personne/jour","37.51","E","Valeur estimée"
"FBS","Bilans Alimentaires (2010-)","440","Lituanie","664","Disponibilité alimentaire (Kcal/personne/jour)","S2941","Produits Animaux","2017","2017","Kcal/personne/jour","982","E","Valeur estimée"
"FBS","Bilans Alimentaires (2010-)","440","Lituanie","674","Disponibilité de protéines en quantité (g/personne/jour)","S2941","Produits Animaux","2017","2017","g/personne/jour","73.68","E","Valeur estimée"
"FBS","Bilans Alimentaires (2010-)","442","Luxembourg","664","Disponibilité alimentaire (Kcal/personne/jour)","S2941","Produits Animaux","2017","2017","Kcal/personne/jour","1135","E","Valeur estimée"
"FBS","Bilans Alimentaires (2010-)","442","Luxembourg","674","Disponibilité de protéines en quantité (g/personne/jour)","S2941","Produits Animaux","2017","2017","g/personne/jour","72.75","E","Valeur estimée"
"FBS","Bilans Alimentaires (2010-)","807","Macédoine du Nord","664","Disponibilité alimentaire (Kcal/personne/jour)","S2941","Produits Animaux","2017","2017","Kcal/personne/jour","573","E","Valeur estimée"
"FBS","Bilans Alimentaires (2010-)","807","Macédoine du Nord","674","Disponibilité de protéines en quantité (g/personne/jour)","S2941","Produits Animaux","2017","2017","g/personne/jour","38.46","E","Valeur estimée"
"FBS","Bilans Alimentaires (2010-)","450","Madagascar","664","Disponibilité alimentaire (Kcal/personne/jour)","S2941","Produits Animaux","2017","2017","Kcal/personne/jour","98","E","Valeur estimée"
"FBS","Bilans Alimentaires (2010-)","450","Madagascar","674","Disponibilité de protéines en quantité (g/personne/jour)","S2941","Produits Animaux","2017","2017","g/personne/jour","7.37","E","Valeur estimée"
"FBS","Bilans Alimentaires (2010-)","458","Malaisie","664","Disponibilité alimentaire (Kcal/personne/jour)","S2941","Produits Animaux","2017","2017","Kcal/personne/jour","554","E","Valeur estimée"
"FBS","Bilans Alimentaires (2010-)","458","Malaisie","674","Disponibilité de protéines en quantité (g/personne/jour)","S2941","Produits Animaux","2017","2017","g/personne/jour","55.5","E","Valeur estimée"
"FBS","Bilans Alimentaires (2010-)","454","Malawi","664","Disponibilité alimentaire (Kcal/personne/jour)","S2941","Produits Animaux","2017","2017","Kcal/personne/jour","186","E","Valeur estimée"
"FBS","Bilans Alimentaires (2010-)","454","Malawi","674","Disponibilité de protéines en quantité (g/personne/jour)","S2941","Produits Animaux","2017","2017","g/personne/jour","14.78","E","Valeur estimée"
"FBS","Bilans Alimentaires (2010-)","462","Maldives","664","Disponibilité alimentaire (Kcal/personne/jour)","S2941","Produits Animaux","2017","2017","Kcal/personne/jour","615","E","Valeur estimée"
"FBS","Bilans Alimentaires (2010-)","462","Maldives","674","Disponibilité de protéines en quantité (g/personne/jour)","S2941","Produits Animaux","2017","2017","g/personne/jour","55.34","E","Valeur estimée"
"FBS","Bilans Alimentaires (2010-)","466","Mali","664","Disponibilité alimentaire (Kcal/personne/jour)","S2941","Produits Animaux","2017","2017","Kcal/personne/jour","227","E","Valeur estimée"
"FBS","Bilans Alimentaires (2010-)","466","Mali","674","Disponibilité de protéines en quantité (g/personne/jour)","S2941","Produits Animaux","2017","2017","g/personne/jour","17.99","E","Valeur estimée"
"FBS","Bilans Alimentaires (2010-)","470","Malte","664","Disponibilité alimentaire (Kcal/personne/jour)","S2941","Produits Animaux","2017","2017","Kcal/personne/jour","924","E","Valeur estimée"
"FBS","Bilans Alimentaires (2010-)","470","Malte","674","Disponibilité de protéines en quantité (g/personne/jour)","S2941","Produits Animaux","2017","2017","g/personne/jour","64.83","E","Valeur estimée"
"FBS","Bilans Alimentaires (2010-)","504","Maroc","664","Disponibilité alimentaire (Kcal/personne/jour)","S2941","Produits Animaux","2017","2017","Kcal/personne/jour","350","E","Valeur estimée"
"FBS","Bilans Alimentaires (2010-)","504","Maroc","674","Disponibilité de protéines en quantité (g/personne/jour)","S2941","Produits Animaux","2017","2017","g/personne/jour","31.04","E","Valeur estimée"
"FBS","Bilans Alimentaires (2010-)","480","Maurice","664","Disponibilité alimentaire (Kcal/personne/jour)","S2941","Produits Animaux","2017","2017","Kcal/personne/jour","500","E","Valeur estimée"
"FBS","Bilans Alimentaires (2010-)","480","Maurice","674","Disponibilité de protéines en quantité (g/personne/jour)","S2941","Produits Animaux","2017","2017","g/personne/jour","45.76","E","Valeur estimée"
"FBS","Bilans Alimentaires (2010-)","478","Mauritanie","664","Disponibilité alimentaire (Kcal/personne/jour)","S2941","Produits Animaux","2017","2017","Kcal/personne/jour","450","E","Valeur estimée"
"FBS","Bilans Alimentaires (2010-)","478","Mauritanie","674","Disponibilité de protéines en quantité (g/personne/jour)","S2941","Produits Animaux","2017","2017","g/personne/jour","32.1","E","Valeur estimée"
"FBS","Bilans Alimentaires (2010-)","484","Mexique","664","Disponibilité alimentaire (Kcal/personne/jour)","S2941","Produits Animaux","2017","2017","Kcal/personne/jour","671","E","Valeur estimée"
"FBS","Bilans Alimentaires (2010-)","484","Mexique","674","Disponibilité de protéines en quantité (g/personne/jour)","S2941","Produits Animaux","2017","2017","g/personne/jour","52.52","E","Valeur estimée"
"FBS","Bilans Alimentaires (2010-)","496","Mongolie","664","Disponibilité alimentaire (Kcal/personne/jour)","S2941","Produits Animaux","2017","2017","Kcal/personne/jour","1133","E","Valeur estimée"
"FBS","Bilans Alimentaires (2010-)","496","Mongolie","674","Disponibilité de protéines en quantité (g/personne/jour)","S2941","Produits Animaux","2017","2017","g/personne/jour","74.38","E","Valeur estimée"
"FBS","Bilans Alimentaires (2010-)","499","Monténégro","664","Disponibilité alimentaire (Kcal/personne/jour)","S2941","Produits Animaux","2017","2017","Kcal/personne/jour","1182","E","Valeur estimée"
"FBS","Bilans Alimentaires (2010-)","499","Monténégro","674","Disponibilité de protéines en quantité (g/personne/jour)","S2941","Produits Animaux","2017","2017","g/personne/jour","75.97","E","Valeur estimée"
"FBS","Bilans Alimentaires (2010-)","508","Mozambique","664","Disponibilité alimentaire (Kcal/personne/jour)","S2941","Produits Animaux","2017","2017","Kcal/personne/jour","103","E","Valeur estimée"
"FBS","Bilans Alimentaires (2010-)","508","Mozambique","674","Disponibilité de protéines en quantité (g/personne/jour)","S2941","Produits Animaux","2017","2017","g/personne/jour","9.15","E","Valeur estimée"
"FBS","Bilans Alimentaires (2010-)","104","Myanmar","664","Disponibilité alimentaire (Kcal/personne/jour)","S2941","Produits Animaux","2017","2017","Kcal/personne/jour","538","E","Valeur estimée"
"FBS","Bilans Alimentaires (2010-)","104","Myanmar","674","Disponibilité de protéines en quantité (g/personne/jour)","S2941","Produits Animaux","2017","2017","g/personne/jour","48.15","E","Valeur estimée"
"FBS","Bilans Alimentaires (2010-)","516","Namibie","664","Disponibilité alimentaire (Kcal/personne/jour)","S2941","Produits Animaux","2017","2017","Kcal/personne/jour","341","E","Valeur estimée"
"FBS","Bilans Alimentaires (2010-)","516","Namibie","674","Disponibilité de protéines en quantité (g/personne/jour)","S2941","Produits Animaux","2017","2017","g/personne/jour","26.38","E","Valeur estimée"
"FBS","Bilans Alimentaires (2010-)","524","Népal","664","Disponibilité alimentaire (Kcal/personne/jour)","S2941","Produits Animaux","2017","2017","Kcal/personne/jour","238","E","Valeur estimée"
"FBS","Bilans Alimentaires (2010-)","524","Népal","674","Disponibilité de protéines en quantité (g/personne/jour)","S2941","Produits Animaux","2017","2017","g/personne/jour","14.29","E","Valeur estimée"
"FBS","Bilans Alimentaires (2010-)","558","Nicaragua","664","Disponibilité alimentaire (Kcal/personne/jour)","S2941","Produits Animaux","2017","2017","Kcal/personne/jour","306","E","Valeur estimée"
"FBS","Bilans Alimentaires (2010-)","558","Nicaragua","674","Disponibilité de protéines en quantité (g/personne/jour)","S2941","Produits Animaux","2017","2017","g/personne/jour","23.4","E","Valeur estimée"
"FBS","Bilans Alimentaires (2010-)","562","Niger","664","Disponibilité alimentaire (Kcal/personne/jour)","S2941","Produits Animaux","2017","2017","Kcal/personne/jour","154","E","Valeur estimée"
"FBS","Bilans Alimentaires (2010-)","562","Niger","674","Disponibilité de protéines en quantité (g/personne/jour)","S2941","Produits Animaux","2017","2017","g/personne/jour","10.43","E","Valeur estimée"
"FBS","Bilans Alimentaires (2010-)","566","Nigéria","664","Disponibilité alimentaire (Kcal/personne/jour)","S2941","Produits Animaux","2017","2017","Kcal/personne/jour","84","E","Valeur estimée"
"FBS","Bilans Alimentaires (2010-)","566","Nigéria","674","Disponibilité de protéines en quantité (g/personne/jour)","S2941","Produits Animaux","2017","2017","g/personne/jour","7.81","E","Valeur estimée"
"FBS","Bilans Alimentaires (2010-)","578","Norvège","664","Disponibilité alimentaire (Kcal/personne/jour)","S2941","Produits Animaux","2017","2017","Kcal/personne/jour","1009","E","Valeur estimée"
"FBS","Bilans Alimentaires (2010-)","578","Norvège","674","Disponibilité de protéines en quantité (g/personne/jour)","S2941","Produits Animaux","2017","2017","g/personne/jour","70.12","E","Valeur estimée"
"FBS","Bilans Alimentaires (2010-)","540","Nouvelle-Calédonie","664","Disponibilité alimentaire (Kcal/personne/jour)","S2941","Produits Animaux","2017","2017","Kcal/personne/jour","715","E","Valeur estimée"
"FBS","Bilans Alimentaires (2010-)","540","Nouvelle-Calédonie","674","Disponibilité de protéines en quantité (g/personne/jour)","S2941","Produits Animaux","2017","2017","g/personne/jour","55.05","E","Valeur estimée"
"FBS","Bilans Alimentaires (2010-)","554","Nouvelle-Zélande","664","Disponibilité alimentaire (Kcal/personne/jour)","S2941","Produits Animaux","2017","2017","Kcal/personne/jour","872","E","Valeur estimée"
"FBS","Bilans Alimentaires (2010-)","554","Nouvelle-Zélande","674","Disponibilité de protéines en quantité (g/personne/jour)","S2941","Produits Animaux","2017","2017","g/personne/jour","56.98","E","Valeur estimée"
"FBS","Bilans Alimentaires (2010-)","512","Oman","664","Disponibilité alimentaire (Kcal/personne/jour)","S2941","Produits Animaux","2017","2017","Kcal/personne/jour","621","E","Valeur estimée"
"FBS","Bilans Alimentaires (2010-)","512","Oman","674","Disponibilité de protéines en quantité (g/personne/jour)","S2941","Produits Animaux","2017","2017","g/personne/jour","48.49","E","Valeur estimée"
"FBS","Bilans Alimentaires (2010-)","800","Ouganda","664","Disponibilité alimentaire (Kcal/personne/jour)","S2941","Produits Animaux","2017","2017","Kcal/personne/jour","162","E","Valeur estimée"
"FBS","Bilans Alimentaires (2010-)","800","Ouganda","674","Disponibilité de protéines en quantité (g/personne/jour)","S2941","Produits Animaux","2017","2017","g/personne/jour","11.8","E","Valeur estimée"
"FBS","Bilans Alimentaires (2010-)","860","Ouzbékistan","664","Disponibilité alimentaire (Kcal/personne/jour)","S2941","Produits Animaux","2017","2017","Kcal/personne/jour","773","E","Valeur estimée"
"FBS","Bilans Alimentaires (2010-)","860","Ouzbékistan","674","Disponibilité de protéines en quantité (g/personne/jour)","S2941","Produits Animaux","2017","2017","g/personne/jour","42.73","E","Valeur estimée"
"FBS","Bilans Alimentaires (2010-)","586","Pakistan","664","Disponibilité alimentaire (Kcal/personne/jour)","S2941","Produits Animaux","2017","2017","Kcal/personne/jour","534","E","Valeur estimée"
"FBS","Bilans Alimentaires (2010-)","586","Pakistan","674","Disponibilité de protéines en quantité (g/personne/jour)","S2941","Produits Animaux","2017","2017","g/personne/jour","27.96","E","Valeur estimée"
"FBS","Bilans Alimentaires (2010-)","591","Panama","664","Disponibilité alimentaire (Kcal/personne/jour)","S2941","Produits Animaux","2017","2017","Kcal/personne/jour","622","E","Valeur estimée"
"FBS","Bilans Alimentaires (2010-)","591","Panama","674","Disponibilité de protéines en quantité (g/personne/jour)","S2941","Produits Animaux","2017","2017","g/personne/jour","46.9","E","Valeur estimée"
"FBS","Bilans Alimentaires (2010-)","598","Papouasie-Nouvelle-Guinée","664","Disponibilité alimentaire (Kcal/personne/jour)","S2941","Produits Animaux","2017","2017","Kcal/personne/jour","330","E","Valeur estimée"
"FBS","Bilans Alimentaires (2010-)","598","Papouasie-Nouvelle-Guinée","674","Disponibilité de protéines en quantité (g/personne/jour)","S2941","Produits Animaux","2017","2017","g/personne/jour","36.2","E","Valeur estimée"
"FBS","Bilans Alimentaires (2010-)","600","Paraguay","664","Disponibilité alimentaire (Kcal/personne/jour)","S2941","Produits Animaux","2017","2017","Kcal/personne/jour","456","E","Valeur estimée"
"FBS","Bilans Alimentaires (2010-)","600","Paraguay","674","Disponibilité de protéines en quantité (g/personne/jour)","S2941","Produits Animaux","2017","2017","g/personne/jour","35.51","E","Valeur estimée"
"FBS","Bilans Alimentaires (2010-)","528","Pays-Bas (Royaume des)","664","Disponibilité alimentaire (Kcal/personne/jour)","S2941","Produits Animaux","2017","2017","Kcal/personne/jour","1071","E","Valeur estimée"
"FBS","Bilans Alimentaires (2010-)","528","Pays-Bas (Royaume des)","674","Disponibilité de protéines en quantité (g/personne/jour)","S2941","Produits Animaux","2017","2017","g/personne/jour","67.93","E","Valeur estimée"
"FBS","Bilans Alimentaires (2010-)","604","Pérou","664","Disponibilité alimentaire (Kcal/personne/jour)","S2941","Produits Animaux","2017","2017","Kcal/personne/jour","456","E","Valeur estimée"
"FBS","Bilans Alimentaires (2010-)","604","Pérou","674","Disponibilité de protéines en quantité (g/personne/jour)","S2941","Produits Animaux","2017","2017","g/personne/jour","39","E","Valeur estimée"
"FBS","Bilans Alimentaires (2010-)","608","Philippines","664","Disponibilité alimentaire (Kcal/personne/jour)","S2941","Produits Animaux","2017","2017","Kcal/personne/jour","373","E","Valeur estimée"
"FBS","Bilans Alimentaires (2010-)","608","Philippines","674","Disponibilité de protéines en quantité (g/personne/jour)","S2941","Produits Animaux","2017","2017","g/personne/jour","29.61","E","Valeur estimée"
"FBS","Bilans Alimentaires (2010-)","616","Pologne","664","Disponibilité alimentaire (Kcal/personne/jour)","S2941","Produits Animaux","2017","2017","Kcal/personne/jour","977","E","Valeur estimée"
"FBS","Bilans Alimentaires (2010-)","616","Pologne","674","Disponibilité de protéines en quantité (g/personne/jour)","S2941","Produits Animaux","2017","2017","g/personne/jour","63.63","E","Valeur estimée"
"FBS","Bilans Alimentaires (2010-)","258","Polynésie française","664","Disponibilité alimentaire (Kcal/personne/jour)","S2941","Produits Animaux","2017","2017","Kcal/personne/jour","785","E","Valeur estimée"
"FBS","Bilans Alimentaires (2010-)","258","Polynésie française","674","Disponibilité de protéines en quantité (g/personne/jour)","S2941","Produits Animaux","2017","2017","g/personne/jour","65.67","E","Valeur estimée"
"FBS","Bilans Alimentaires (2010-)","620","Portugal","664","Disponibilité alimentaire (Kcal/personne/jour)","S2941","Produits Animaux","2017","2017","Kcal/personne/jour","1007","E","Valeur estimée"
"FBS","Bilans Alimentaires (2010-)","620","Portugal","674","Disponibilité de protéines en quantité (g/personne/jour)","S2941","Produits Animaux","2017","2017","g/personne/jour","77.12","E","Valeur estimée"
"FBS","Bilans Alimentaires (2010-)","760","République arabe syrienne","664","Disponibilité alimentaire (Kcal/personne/jour)","S2941","Produits Animaux","2017","2017","Kcal/personne/jour","370","E","Valeur estimée"
"FBS","Bilans Alimentaires (2010-)","760","République arabe syrienne","674","Disponibilité de protéines en quantité (g/personne/jour)","S2941","Produits Animaux","2017","2017","g/personne/jour","21.13","E","Valeur estimée"
"FBS","Bilans Alimentaires (2010-)","140","République centrafricaine","664","Disponibilité alimentaire (Kcal/personne/jour)","S2941","Produits Animaux","2017","2017","Kcal/personne/jour","249","E","Valeur estimée"
"FBS","Bilans Alimentaires (2010-)","140","République centrafricaine","674","Disponibilité de protéines en quantité (g/personne/jour)","S2941","Produits Animaux","2017","2017","g/personne/jour","20.41","E","Valeur estimée"
"FBS","Bilans Alimentaires (2010-)","410","République de Corée","664","Disponibilité alimentaire (Kcal/personne/jour)","S2941","Produits Animaux","2017","2017","Kcal/personne/jour","642","E","Valeur estimée"
"FBS","Bilans Alimentaires (2010-)","410","République de Corée","674","Disponibilité de protéines en quantité (g/personne/jour)","S2941","Produits Animaux","2017","2017","g/personne/jour","58.36","E","Valeur estimée"
"FBS","Bilans Alimentaires (2010-)","498","République de Moldova","664","Disponibilité alimentaire (Kcal/personne/jour)","S2941","Produits Animaux","2017","2017","Kcal/personne/jour","807","E","Valeur estimée"
"FBS","Bilans Alimentaires (2010-)","498","République de Moldova","674","Disponibilité de protéines en quantité (g/personne/jour)","S2941","Produits Animaux","2017","2017","g/personne/jour","49.03","E","Valeur estimée"
"FBS","Bilans Alimentaires (2010-)","180","République démocratique du Congo","664","Disponibilité alimentaire (Kcal/personne/jour)","S2941","Produits Animaux","2017","2017","Kcal/personne/jour","29","E","Valeur estimée"
"FBS","Bilans Alimentaires (2010-)","180","République démocratique du Congo","674","Disponibilité de protéines en quantité (g/personne/jour)","S2941","Produits Animaux","2017","2017","g/personne/jour","3.34","E","Valeur estimée"
"FBS","Bilans Alimentaires (2010-)","418","République démocratique populaire lao","664","Disponibilité alimentaire (Kcal/personne/jour)","S2941","Produits Animaux","2017","2017","Kcal/personne/jour","255","E","Valeur estimée"
"FBS","Bilans Alimentaires (2010-)","418","République démocratique populaire lao","674","Disponibilité de protéines en quantité (g/personne/jour)","S2941","Produits Animaux","2017","2017","g/personne/jour","21.94","E","Valeur estimée"
"FBS","Bilans Alimentaires (2010-)","214","République dominicaine","664","Disponibilité alimentaire (Kcal/personne/jour)","S2941","Produits Animaux","2017","2017","Kcal/personne/jour","486","E","Valeur estimée"
"FBS","Bilans Alimentaires (2010-)","214","République dominicaine","674","Disponibilité de protéines en quantité (g/personne/jour)","S2941","Produits Animaux","2017","2017","g/personne/jour","37.81","E","Valeur estimée"
"FBS","Bilans Alimentaires (2010-)","408","République populaire démocratique de Corée","664","Disponibilité alimentaire (Kcal/personne/jour)","S2941","Produits Animaux","2017","2017","Kcal/personne/jour","119","E","Valeur estimée"
"FBS","Bilans Alimentaires (2010-)","408","République populaire démocratique de Corée","674","Disponibilité de protéines en quantité (g/personne/jour)","S2941","Produits Animaux","2017","2017","g/personne/jour","11.87","E","Valeur estimée"
"FBS","Bilans Alimentaires (2010-)","834","République-Unie de Tanzanie","664","Disponibilité alimentaire (Kcal/personne/jour)","S2941","Produits Animaux","2017","2017","Kcal/personne/jour","155","E","Valeur estimée"
"FBS","Bilans Alimentaires (2010-)","834","République-Unie de Tanzanie","674","Disponibilité de protéines en quantité (g/personne/jour)","S2941","Produits Animaux","2017","2017","g/personne/jour","10.85","E","Valeur estimée"
"FBS","Bilans Alimentaires (2010-)","642","Roumanie","664","Disponibilité alimentaire (Kcal/personne/jour)","S2941","Produits Animaux","2017","2017","Kcal/personne/jour","1001","E","Valeur estimée"
"FBS","Bilans Alimentaires (2010-)","642","Roumanie","674","Disponibilité de protéines en quantité (g/personne/jour)","S2941","Produits Animaux","2017","2017","g/personne/jour","60.59","E","Valeur estimée"
"FBS","Bilans Alimentaires (2010-)","826","Royaume-Uni de Grande-Bretagne et d'Irlande du Nord","664","Disponibilité alimentaire (Kcal/personne/jour)","S2941","Produits Animaux","2017","2017","Kcal/personne/jour","918","E","Valeur estimée"
"FBS","Bilans Alimentaires (2010-)","826","Royaume-Uni de Grande-Bretagne et d'Irlande du Nord","674","Disponibilité de protéines en quantité (g/personne/jour)","S2941","Produits Animaux","2017","2017","g/personne/jour","65.12","E","Valeur estimée"
"FBS","Bilans Alimentaires (2010-)","646","Rwanda","664","Disponibilité alimentaire (Kcal/personne/jour)","S2941","Produits Animaux","2017","2017","Kcal/personne/jour","105","E","Valeur estimée"
"FBS","Bilans Alimentaires (2010-)","646","Rwanda","674","Disponibilité de protéines en quantité (g/personne/jour)","S2941","Produits Animaux","2017","2017","g/personne/jour","8.69","E","Valeur estimée"
"FBS","Bilans Alimentaires (2010-)","662","Sainte-Lucie","664","Disponibilité alimentaire (Kcal/personne/jour)","S2941","Produits Animaux","2017","2017","Kcal/personne/jour","737","E","Valeur estimée"
"FBS","Bilans Alimentaires (2010-)","662","Sainte-Lucie","674","Disponibilité de protéines en quantité (g/personne/jour)","S2941","Produits Animaux","2017","2017","g/personne/jour","61.91","E","Valeur estimée"
"FBS","Bilans Alimentaires (2010-)","659","Saint-Kitts-et-Nevis","664","Disponibilité alimentaire (Kcal/personne/jour)","S2941","Produits Animaux","2017","2017","Kcal/personne/jour","875","E","Valeur estimée"
"FBS","Bilans Alimentaires (2010-)","659","Saint-Kitts-et-Nevis","674","Disponibilité de protéines en quantité (g/personne/jour)","S2941","Produits Animaux","2017","2017","g/personne/jour","64.65","E","Valeur estimée"
"FBS","Bilans Alimentaires (2010-)","670","Saint-Vincent-et-les Grenadines","664","Disponibilité alimentaire (Kcal/personne/jour)","S2941","Produits Animaux","2017","2017","Kcal/personne/jour","678","E","Valeur estimée"
"FBS","Bilans Alimentaires (2010-)","670","Saint-Vincent-et-les Grenadines","674","Disponibilité de protéines en quantité (g/personne/jour)","S2941","Produits Animaux","2017","2017","g/personne/jour","63.49","E","Valeur estimée"
"FBS","Bilans Alimentaires (2010-)","882","Samoa","664","Disponibilité alimentaire (Kcal/personne/jour)","S2941","Produits Animaux","2017","2017","Kcal/personne/jour","852","E","Valeur estimée"
"FBS","Bilans Alimentaires (2010-)","882","Samoa","674","Disponibilité de protéines en quantité (g/personne/jour)","S2941","Produits Animaux","2017","2017","g/personne/jour","66.58","E","Valeur estimée"
"FBS","Bilans Alimentaires (2010-)","678","Sao Tomé-et-Principe","664","Disponibilité alimentaire (Kcal/personne/jour)","S2941","Produits Animaux","2017","2017","Kcal/personne/jour","175","E","Valeur estimée"
"FBS","Bilans Alimentaires (2010-)","678","Sao Tomé-et-Principe","674","Disponibilité de protéines en quantité (g/personne/jour)","S2941","Produits Animaux","2017","2017","g/personne/jour","17.7","E","Valeur estimée"
"FBS","Bilans Alimentaires (2010-)","686","Sénégal","664","Disponibilité alimentaire (Kcal/personne/jour)","S2941","Produits Animaux","2017","2017","Kcal/personne/jour","184","E","Valeur estimée"
"FBS","Bilans Alimentaires (2010-)","686","Sénégal","674","Disponibilité de protéines en quantité (g/personne/jour)","S2941","Produits Animaux","2017","2017","g/personne/jour","16.8","E","Valeur estimée"
"FBS","Bilans Alimentaires (2010-)","688","Serbie","664","Disponibilité alimentaire (Kcal/personne/jour)","S2941","Produits Animaux","2017","2017","Kcal/personne/jour","788","E","Valeur estimée"
"FBS","Bilans Alimentaires (2010-)","688","Serbie","674","Disponibilité de protéines en quantité (g/personne/jour)","S2941","Produits Animaux","2017","2017","g/personne/jour","53.96","E","Valeur estimée"
"FBS","Bilans Alimentaires (2010-)","690","Seychelles","664","Disponibilité alimentaire (Kcal/personne/jour)","S2941","Produits Animaux","2017","2017","Kcal/personne/jour","665","E","Valeur estimée"
"FBS","Bilans Alimentaires (2010-)","690","Seychelles","674","Disponibilité de protéines en quantité (g/personne/jour)","S2941","Produits Animaux","2017","2017","g/personne/jour","58.16","E","Valeur estimée"
"FBS","Bilans Alimentaires (2010-)","694","Sierra Leone","664","Disponibilité alimentaire (Kcal/personne/jour)","S2941","Produits Animaux","2017","2017","Kcal/personne/jour","109","E","Valeur estimée"
"FBS","Bilans Alimentaires (2010-)","694","Sierra Leone","674","Disponibilité de protéines en quantité (g/personne/jour)","S2941","Produits Animaux","2017","2017","g/personne/jour","12.35","E","Valeur estimée"
"FBS","Bilans Alimentaires (2010-)","703","Slovaquie","664","Disponibilité alimentaire (Kcal/personne/jour)","S2941","Produits Animaux","2017","2017","Kcal/personne/jour","890","E","Valeur estimée"
"FBS","Bilans Alimentaires (2010-)","703","Slovaquie","674","Disponibilité de protéines en quantité (g/personne/jour)","S2941","Produits Animaux","2017","2017","g/personne/jour","44.79","E","Valeur estimée"
"FBS","Bilans Alimentaires (2010-)","705","Slovénie","664","Disponibilité alimentaire (Kcal/personne/jour)","S2941","Produits Animaux","2017","2017","Kcal/personne/jour","861","E","Valeur estimée"
"FBS","Bilans Alimentaires (2010-)","705","Slovénie","674","Disponibilité de protéines en quantité (g/personne/jour)","S2941","Produits Animaux","2017","2017","g/personne/jour","59.05","E","Valeur estimée"
"FBS","Bilans Alimentaires (2010-)","729","Soudan","664","Disponibilité alimentaire (Kcal/personne/jour)","S2941","Produits Animaux","2017","2017","Kcal/personne/jour","338","E","Valeur estimée"
"FBS","Bilans Alimentaires (2010-)","729","Soudan","674","Disponibilité de protéines en quantité (g/personne/jour)","S2941","Produits Animaux","2017","2017","g/personne/jour","22.03","E","Valeur estimée"
"FBS","Bilans Alimentaires (2010-)","144","Sri Lanka","664","Disponibilité alimentaire (Kcal/personne/jour)","S2941","Produits Animaux","2017","2017","Kcal/personne/jour","222","E","Valeur estimée"
"FBS","Bilans Alimentaires (2010-)","144","Sri Lanka","674","Disponibilité de protéines en quantité (g/personne/jour)","S2941","Produits Animaux","2017","2017","g/personne/jour","20","E","Valeur estimée"
"FBS","Bilans Alimentaires (2010-)","752","Suède","664","Disponibilité alimentaire (Kcal/personne/jour)","S2941","Produits Animaux","2017","2017","Kcal/personne/jour","1107","E","Valeur estimée"
"FBS","Bilans Alimentaires (2010-)","752","Suède","674","Disponibilité de protéines en quantité (g/personne/jour)","S2941","Produits Animaux","2017","2017","g/personne/jour","72.43","E","Valeur estimée"
"FBS","Bilans Alimentaires (2010-)","756","Suisse","664","Disponibilité alimentaire (Kcal/personne/jour)","S2941","Produits Animaux","2017","2017","Kcal/personne/jour","1068","E","Valeur estimée"
"FBS","Bilans Alimentaires (2010-)","756","Suisse","674","Disponibilité de protéines en quantité (g/personne/jour)","S2941","Produits Animaux","2017","2017","g/personne/jour","65.06","E","Valeur estimée"
"FBS","Bilans Alimentaires (2010-)","740","Suriname","664","Disponibilité alimentaire (Kcal/personne/jour)","S2941","Produits Animaux","2017","2017","Kcal/personne/jour","330","E","Valeur estimée"
"FBS","Bilans Alimentaires (2010-)","740","Suriname","674","Disponibilité de protéines en quantité (g/personne/jour)","S2941","Produits Animaux","2017","2017","g/personne/jour","30.89","E","Valeur estimée"
"FBS","Bilans Alimentaires (2010-)","762","Tadjikistan","664","Disponibilité alimentaire (Kcal/personne/jour)","S2941","Produits Animaux","2017","2017","Kcal/personne/jour","429","E","Valeur estimée"
"FBS","Bilans Alimentaires (2010-)","762","Tadjikistan","674","Disponibilité de protéines en quantité (g/personne/jour)","S2941","Produits Animaux","2017","2017","g/personne/jour","26.5","E","Valeur estimée"
"FBS","Bilans Alimentaires (2010-)","148","Tchad","664","Disponibilité alimentaire (Kcal/personne/jour)","S2941","Produits Animaux","2017","2017","Kcal/personne/jour","342","E","Valeur estimée"
"FBS","Bilans Alimentaires (2010-)","148","Tchad","674","Disponibilité de protéines en quantité (g/personne/jour)","S2941","Produits Animaux","2017","2017","g/personne/jour","26.86","E","Valeur estimée"
"FBS","Bilans Alimentaires (2010-)","203","Tchéquie","664","Disponibilité alimentaire (Kcal/personne/jour)","S2941","Produits Animaux","2017","2017","Kcal/personne/jour","936","E","Valeur estimée"
"FBS","Bilans Alimentaires (2010-)","203","Tchéquie","674","Disponibilité de protéines en quantité (g/personne/jour)","S2941","Produits Animaux","2017","2017","g/personne/jour","59.8","E","Valeur estimée"
"FBS","Bilans Alimentaires (2010-)","764","Thaïlande","664","Disponibilité alimentaire (Kcal/personne/jour)","S2941","Produits Animaux","2017","2017","Kcal/personne/jour","324","E","Valeur estimée"
"FBS","Bilans Alimentaires (2010-)","764","Thaïlande","674","Disponibilité de protéines en quantité (g/personne/jour)","S2941","Produits Animaux","2017","2017","g/personne/jour","27.91","E","Valeur estimée"
"FBS","Bilans Alimentaires (2010-)","626","Timor-Leste","664","Disponibilité alimentaire (Kcal/personne/jour)","S2941","Produits Animaux","2017","2017","Kcal/personne/jour","200","E","Valeur estimée"
"FBS","Bilans Alimentaires (2010-)","626","Timor-Leste","674","Disponibilité de protéines en quantité (g/personne/jour)","S2941","Produits Animaux","2017","2017","g/personne/jour","15.35","E","Valeur estimée"
"FBS","Bilans Alimentaires (2010-)","768","Togo","664","Disponibilité alimentaire (Kcal/personne/jour)","S2941","Produits Animaux","2017","2017","Kcal/personne/jour","107","E","Valeur estimée"
"FBS","Bilans Alimentaires (2010-)","768","Togo","674","Disponibilité de protéines en quantité (g/personne/jour)","S2941","Produits Animaux","2017","2017","g/personne/jour","11.06","E","Valeur estimée"
"FBS","Bilans Alimentaires (2010-)","780","Trinité-et-Tobago","664","Disponibilité alimentaire (Kcal/personne/jour)","S2941","Produits Animaux","2017","2017","Kcal/personne/jour","553","E","Valeur estimée"
"FBS","Bilans Alimentaires (2010-)","780","Trinité-et-Tobago","674","Disponibilité de protéines en quantité (g/personne/jour)","S2941","Produits Animaux","2017","2017","g/personne/jour","47.89","E","Valeur estimée"
"FBS","Bilans Alimentaires (2010-)","788","Tunisie","664","Disponibilité alimentaire (Kcal/personne/jour)","S2941","Produits Animaux","2017","2017","Kcal/personne/jour","417","E","Valeur estimée"
"FBS","Bilans Alimentaires (2010-)","788","Tunisie","674","Disponibilité de protéines en quantité (g/personne/jour)","S2941","Produits Animaux","2017","2017","g/personne/jour","30.77","E","Valeur estimée"
"FBS","Bilans Alimentaires (2010-)","795","Turkménistan","664","Disponibilité alimentaire (Kcal/personne/jour)","S2941","Produits Animaux","2017","2017","Kcal/personne/jour","736","E","Valeur estimée"
"FBS","Bilans Alimentaires (2010-)","795","Turkménistan","674","Disponibilité de protéines en quantité (g/personne/jour)","S2941","Produits Animaux","2017","2017","g/personne/jour","45.66","E","Valeur estimée"
"FBS","Bilans Alimentaires (2010-)","792","Turquie","664","Disponibilité alimentaire (Kcal/personne/jour)","S2941","Produits Animaux","2017","2017","Kcal/personne/jour","635","E","Valeur estimée"
"FBS","Bilans Alimentaires (2010-)","792","Turquie","674","Disponibilité de protéines en quantité (g/personne/jour)","S2941","Produits Animaux","2017","2017","g/personne/jour","39.98","E","Valeur estimée"
"FBS","Bilans Alimentaires (2010-)","804","Ukraine","664","Disponibilité alimentaire (Kcal/personne/jour)","S2941","Produits Animaux","2017","2017","Kcal/personne/jour","632","E","Valeur estimée"
"FBS","Bilans Alimentaires (2010-)","804","Ukraine","674","Disponibilité de protéines en quantité (g/personne/jour)","S2941","Produits Animaux","2017","2017","g/personne/jour","42.77","E","Valeur estimée"
"FBS","Bilans Alimentaires (2010-)","858","Uruguay","664","Disponibilité alimentaire (Kcal/personne/jour)","S2941","Produits Animaux","2017","2017","Kcal/personne/jour","788","E","Valeur estimée"
"FBS","Bilans Alimentaires (2010-)","858","Uruguay","674","Disponibilité de protéines en quantité (g/personne/jour)","S2941","Produits Animaux","2017","2017","g/personne/jour","50.39","E","Valeur estimée"
"FBS","Bilans Alimentaires (2010-)","548","Vanuatu","664","Disponibilité alimentaire (Kcal/personne/jour)","S2941","Produits Animaux","2017","2017","Kcal/personne/jour","360","E","Valeur estimée"
"FBS","Bilans Alimentaires (2010-)","548","Vanuatu","674","Disponibilité de protéines en quantité (g/personne/jour)","S2941","Produits Animaux","2017","2017","g/personne/jour","29.98","E","Valeur estimée"
"FBS","Bilans Alimentaires (2010-)","862","Venezuela (République bolivarienne du)","664","Disponibilité alimentaire (Kcal/personne/jour)","S2941","Produits Animaux","2017","2017","Kcal/personne/jour","306","E","Valeur estimée"
"FBS","Bilans Alimentaires (2010-)","862","Venezuela (République bolivarienne du)","674","Disponibilité de protéines en quantité (g/personne/jour)","S2941","Produits Animaux","2017","2017","g/personne/jour","27.03","E","Valeur estimée"
"FBS","Bilans Alimentaires (2010-)","704","Viet Nam","664","Disponibilité alimentaire (Kcal/personne/jour)","S2941","Produits Animaux","2017","2017","Kcal/personne/jour","428","E","Valeur estimée"
"FBS","Bilans Alimentaires (2010-)","704","Viet Nam","674","Disponibilité de protéines en quantité (g/personne/jour)","S2941","Produits Animaux","2017","2017","g/personne/jour","33.06","E","Valeur estimée"
"FBS","Bilans Alimentaires (2010-)","887","Yémen","664","Disponibilité alimentaire (Kcal/personne/jour)","S2941","Produits Animaux","2017","2017","Kcal/personne/jour","115","E","Valeur estimée"
"FBS","Bilans Alimentaires (2010-)","887","Yémen","674","Disponibilité de protéines en quantité (g/personne/jour)","S2941","Produits Animaux","2017","2017","g/personne/jour","10.61","E","Valeur estimée"
"FBS","Bilans Alimentaires (2010-)","894","Zambie","664","Disponibilité alimentaire (Kcal/personne/jour)","S2941","Produits Animaux","2017","2017","Kcal/personne/jour","167","E","Valeur estimée"
"FBS","Bilans Alimentaires (2010-)","894","Zambie","674","Disponibilité de protéines en quantité (g/personne/jour)","S2941","Produits Animaux","2017","2017","g/personne/jour","14.64","E","Valeur estimée"
"FBS","Bilans Alimentaires (2010-)","716","Zimbabwe","664","Disponibilité alimentaire (Kcal/personne/jour)","S2941","Produits Animaux","2017","2017","Kcal/personne/jour","351","E","Valeur estimée"
"FBS","Bilans Alimentaires (2010-)","716","Zimbabwe","674","Disponibilité de protéines en quantité (g/personne/jour)","S2941","Produits Animaux","2017","2017","g/personne/jour","26.48","E","Valeur estimée"
